﻿<?xml version="1.0" encoding="UTF-8"?>
<openimmo_feedback><version>1.2.5</version><objekt><oobj_id>12345</oobj_id><interessent><anrede>Herr</anrede><vorname>Andreas</vorname><nachname>Konopka</nachname><plz>Andreasstraße 10, Düsseldorf, Deutschland</plz><ort>Herr</ort><tel>17660443908</tel><email>andreas.konopka@unitybox.de</email><bevorzugt>TEL</bevorzugt><wunsch>ANRUF</wunsch><anfrage>resultAbsolute: 639.000,00
lowAbsolute: 575.000,00
highAbsolute: 702.000,00
resultPerSqm: 4.250,00
lowPerSqm: 3.850,00
highPerSqm: 4.700,00
quickCheckAvailable: 
quickCheckLow: 0
quickCheckHigh: 0
valuationId: 145202853
uuid: 8b973dbd-ebbe-40ec-9aae-ce05b1306314
status: success
type: haus
realEstateTypeId: 1
footprint: 800
living_space: 150
floor: 2
rooms: 3
construction_year: 1948-1967
opened_up: 
building: 
cut: 
address: Andreasstraße 10, Düsseldorf, Deutschland
salutation: Herr
firstname: Andreas
lastname: Konopka
phone: 17660443908
email: andreas.konopka@unitybox.de
year: 1980
full_address: Andreasstraße 10, 40213, Düsseldorf
</anfrage></interessent></objekt></openimmo_feedback>
